target,best_model
num_target_hcc001,my_lgb_grid
num_target_hcc002,my_lgb_grid
num_target_hcc006,my_lgb_grid
num_target_hcc008,my_lgb_grid
num_target_hcc009_only,my_lgb_grid
num_target_hcc010_only,my_lgb_grid
num_target_hcc011_only,my_lgb_grid
num_target_hcc012_only,my_lgb_grid
num_target_hcc017,my_lgb_grid
num_target_hcc018_only,my_lgb_grid
num_target_hcc019_only,my_lgb_grid
num_target_hcc021,my_lgb_grid
num_target_hcc022,my_lgb_grid
num_target_hcc023,my_lgb_grid
num_target_hcc027,my_lgb_grid
num_target_hcc028_only,my_lgb_grid
num_target_hcc029_only,my_lgb_grid
num_target_hcc033,my_lgb_grid
num_target_hcc034,my_lgb_grid
num_target_hcc035,my_lgb_grid
num_target_hcc039,my_lgb_grid
num_target_hcc040,my_lgb_grid
num_target_hcc046,my_lgb_grid
num_target_hcc047,my_lgb_grid
num_target_hcc048_only,my_lgb_grid
num_target_hcc051,my_lgb_grid
num_target_hcc052_only,my_lgb_grid
num_target_hcc054,my_lgb_grid
num_target_hcc055_only,my_lgb_grid
num_target_hcc056_only,my_lgb_grid
num_target_hcc057,my_lgb_grid
num_target_hcc058_only,my_lgb_grid
num_target_hcc059_only,my_lgb_grid
num_target_hcc060_only,my_lgb_grid
num_target_hcc070,my_lgb_grid
num_target_hcc071_only,my_lgb_grid
num_target_hcc072_only,my_lgb_grid
num_target_hcc073,my_lgb_grid
num_target_hcc074,my_lgb_grid
num_target_hcc075,my_lgb_grid
num_target_hcc076,my_lgb_grid
num_target_hcc077,my_lgb_grid
num_target_hcc078,my_lgb_grid
num_target_hcc079,my_lgb_grid
num_target_hcc080_only,my_lgb_grid
num_target_hcc082,my_lgb_grid
num_target_hcc083_only,my_lgb_grid
num_target_hcc084_only,my_lgb_grid
num_target_hcc085,my_lgb_grid
num_target_hcc086,my_lgb_grid
num_target_hcc087_only,my_lgb_grid
num_target_hcc088_only,my_lgb_grid
num_target_hcc096,my_lgb_grid
num_target_hcc099,my_lgb_grid
num_target_hcc100_only,my_lgb_grid
num_target_hcc103_only,my_lgb_grid
num_target_hcc104_only,my_lgb_grid
num_target_hcc106,my_lgb_grid
num_target_hcc107_only,my_lgb_grid
num_target_hcc108_only,my_lgb_grid
num_target_hcc110,my_lgb_grid
num_target_hcc111_only,my_lgb_grid
num_target_hcc112_only,my_lgb_grid
num_target_hcc114,my_lgb_grid
num_target_hcc115_only,my_lgb_grid
num_target_hcc122,my_lgb_grid
num_target_hcc124,my_lgb_grid
num_target_hcc134,my_lgb_grid
num_target_hcc135_only,my_lgb_grid
num_target_hcc136_only,my_lgb_grid
num_target_hcc137_only,my_lgb_grid
num_target_hcc138_only,my_lgb_grid
num_target_hcc157,my_lgb_grid
num_target_hcc158_only,my_lgb_grid
num_target_hcc159_only,my_lgb_grid
num_target_hcc161_only,my_lgb_grid
num_target_hcc162,my_lgb_grid
num_target_hcc166,my_lgb_grid
num_target_hcc167_only,my_lgb_grid
num_target_hcc169_only,my_lgb_grid
num_target_hcc170,my_lgb_grid
num_target_hcc173,my_lgb_grid
num_target_hcc176,my_lgb_grid
num_target_hcc186,my_lgb_grid
num_target_hcc188,my_lgb_grid
num_target_hcc189_only,my_lgb_grid
num_target_arst,my_lgb_grid
num_target_bld,my_lgb_grid
num_target_cog,my_lgb_grid
num_target_cvd1,my_lgb_grid
num_target_cvd5,my_lgb_grid
num_target_diab,my_lgb_grid
num_target_hrt,my_lgb_grid
num_target_injy,my_lgb_grid
num_target_kdny,my_lgb_grid
num_target_livr,my_lgb_grid
num_target_lng1,my_lgb_grid
num_target_lng5,my_lgb_grid
num_target_neop,my_lgb_grid
num_target_psyc,my_lgb_grid
num_target_skin,my_lgb_grid
num_target_spnl,my_lgb_grid
num_target_sud,my_lgb_grid
num_target_vscl,my_lgb_grid
